integer_representation	english_name	identifier	english_name_curated
9208	(+) quinic acid -- check RI 5800 diff to (-) quinic acid	AAWZDTNXLSGCEK-ZHQZDSKASA-N	(+) quinic acid
5346	(5E)-isovitamin D3	LMBGVVOJTGHJNP-FVUVGDFOSA-N	(5E)-isovitamin D3
5340	1-aminocyclopropanecarboxylic acid RI diff	PAJPWUMXBYXFCZ-UHFFFAOYSA-N	1-aminocyclopropanecarboxylic acid
12890	1-deoxyerythritol	YAXKTBLXMTYWDQ-UHFFFAOYSA-N	1-deoxyerythritol
911	1-docosanol	NOPFSRXAKWQILS-UHFFFAOYSA-N	1-docosanol
13070	1-hexacosanol	IRHTZOCLLONTOC-UHFFFAOYSA-N	1-hexacosanol
2382	1-hexadecanol	BXWNKGSJHAJOGX-UHFFFAOYSA-N	1-hexadecanol
4072	1-kestose	VAWYEUIPHLMNNF-OESPXIITSA-N	1-kestose
12444	1-lignoceroylglycerol	KIWLCEXSSGNBJU-UHFFFAOYSA-N	1-lignoceroylglycerol
5377	1-methyladenosine minor	GFYLSDSUCHVORB-IOSLPCCCSA-N	1-methyladenosine
14527	1-methylgalactose NIST	HOVAGTYPODGVJG-UHFFFAOYSA-N	1-methylgalactose
202	1-methylhydantoin	RHYBFKMFHLPQPH-UHFFFAOYSA-N	1-methylhydantoin
15129	1-monoolein	RZRNAYUHWVFMIP-KTKRTIGZSA-N	1-monoolein
7322	1-monopalmitin	QHZLMUACJMDIAE-UHFFFAOYSA-N	1-monopalmitin
3923	1-monostearin	VBICKXHEKHSIBG-UHFFFAOYSA-N	1-monostearin
3859	1-octacosanol	CNNRPFQICPFDPO-UHFFFAOYSA-N	1-octacosanol
2358	1-phenylethylamine MassBank	RQEUFEKYXDPUSK-UHFFFAOYSA-N	1-phenylethylamine
11261	1,10-phenantroline MassBank	DGEZNRSVGBDHLK-UHFFFAOYSA-N	1,10-phenantroline
8695	1,2-anhydro-myo-inositol NIST	ZHMWOVGZCINIHW-FTYOSCRSSA-N	1,2-anhydro-myo-inositol
12235	1,2-cyclohexanedione	OILAIQUEIWYQPH-UHFFFAOYSA-N	1,2-cyclohexanedione
11825	1,2-dihydroxycylohexane NIST	PFURGBBHAOXLIO-UHFFFAOYSA-N	1,2-dihydroxycylohexane
10385	1,2,4-benzenetriol	GGNQRNBDZQJCCN-UHFFFAOYSA-N	1,2,4-benzenetriol
7236	1,2,4-trichlorobenzene	PBKONEOXTCPAFI-UHFFFAOYSA-N	1,2,4-trichlorobenzene
5281	1,3-diaminopropane	XFNJVJPLKCPIBV-UHFFFAOYSA-N	1,3-diaminopropane
10458	1,3,5-trimethylcyanuric acid	AHWDQDMGFXRVFB-UHFFFAOYSA-N	1,3,5-trimethylcyanuric acid
5759	1,5-anhydroglucitol	MPCAJMNYNOGXPB-SLPGGIOYSA-N	1,5-anhydroglucitol
9	1,6-diisopropylnaphthalene MassBank no RI	GQHUSRBBMNYHIF-UHFFFAOYSA-N	1,6-diisopropylnaphthalene
5099	10-hydroxy-2E-decenoic acid	QHBZHVUGQROELI-SOFGYWHQSA-N	10-hydroxy-2E-decenoic acid
3028	10-hydroxydecanoic acid	YJCJVMMDTBEITC-UHFFFAOYSA-N	10-hydroxydecanoic acid
10780	2-(1-methyl-2-pyrrolidinyl)-pyridine	AQCRXZYYMOXFAN-UHFFFAOYSA-N	2-(1-methyl-2-pyrrolidinyl)-pyridine
4613	2-(4-hydroxyphenyl)ethanol	YCCILVSKPBXVIP-UHFFFAOYSA-N	2-(4-hydroxyphenyl)ethanol
1225	2-acetonaphtone MassBank w/o RI	XSAYZAUNJMRRIR-UHFFFAOYSA-N	2-acetonaphtone
11288	2-amino-4-oxo-4-phenylbutanoic acid NIST	QXRCVKLRAOSZCP-UHFFFAOYSA-N	2-amino-4-oxo-4-phenylbutanoic acid
14900	2-aminobutyric acid	QWCKQJZIFLGMSD-UHFFFAOYSA-N	2-aminobutyric acid
1051	2-aminophenol	CDAWCLOXVUBKRW-UHFFFAOYSA-N	2-aminophenol
4161	2-deoxyadenosine	OLXZPDWKRNYJJZ-UHFFFAOYSA-N	2-deoxyadenosine
6553	2-deoxyadenosine-5-monophosphate	KHWCHTKSEGGWEX-RRKCRQDMSA-N	2-deoxyadenosine-5-monophosphate
3703	2-deoxyerythritol	ARXKVVRQIIOZGF-UHFFFAOYSA-N	2-deoxyerythritol
5577	2-deoxyglucose	PMMURAAUARKVCB-ZXXMMSQZSA-N	2-deoxyglucose
5112	2-Deoxyinosine NIST	VGONTNSXDCQUGY-RRKCRQDMSA-N	2-deoxyinosine
6596	2-deoxypentitol NIST	ZDAWZDFBPUUDAY-UHFFFAOYSA-N	2-deoxypentitol
7423	2-Deoxyribose-5-Phosphate	KKZFLSZAWCYPOC-VPENINKCSA-N	2-deoxyribose-5-Phosphate
983	2-deoxyuridine MassBank	MXHRCPNRJAMMIM-SHYZEUOFSA-N	2-deoxyuridine
12456	2-ethylcaproic acid HMDB	OBETXYAYXDNJHR-UHFFFAOYSA-N	2-ethylcaproic acid
7036	2-hydroxy-2-methylbutanoic acid	MBIQENSCDNJOIY-UHFFFAOYSA-N	2-hydroxy-2-methylbutanoic acid
5826	2-hydroxyadipic acid	OTTXIFWBPRRYOG-UHFFFAOYSA-N	2-hydroxyadipic acid
13886	2-hydroxybutanoic acid	AFENDNXGAFYKQO-UHFFFAOYSA-N	2-hydroxybutanoic acid
2233	2-hydroxyglutaric acid	HWXBTNAVRSUOJR-UHFFFAOYSA-N	2-hydroxyglutaric acid
3856	2-hydroxyhexanoic acid	NYHNVHGFPZAZGA-UHFFFAOYSA-N	2-hydroxyhexanoic acid
4871	2-hydroxyhippuric acid	ONJSZLXSECQROL-UHFFFAOYSA-N	2-hydroxyhippuric acid
13327	2-hydroxyisovaleric acid	NGEWQZIDQIYUNV-UHFFFAOYSA-N	2-hydroxyisovaleric acid
6865	2-hydroxypyrazinyl-2-propenoic acid ethyl ester NIST	WFZVBCSNPDDHDI-FNORWQNLSA-N	2-hydroxypyrazinyl-2-propenoic acid ethyl ester
2362	2-hydroxypyridine	UBQKCCHYAOITMY-UHFFFAOYSA-N	2-hydroxypyridine
4489	2-hydroxyquinoline	LISFMEBWQUVKPJ-UHFFFAOYSA-N	2-hydroxyquinoline
13168	2-hydroxyvaleric acid	JRHWHSJDIILJAT-UHFFFAOYSA-N	2-hydroxyvaleric acid
8615	2-isopropylmalic acid	BITYXLXUCSKTJS-ZETCQYMHSA-N	2-isopropylmalic acid
3596	2-ketoadipic acid minor2	FGSBNBBHOZHUBO-UHFFFAOYSA-N	2-ketoadipic acid
13783	2-ketobutyric acid	TYEYBOSBBBHJIV-UHFFFAOYSA-N	2-ketobutyric acid
292	2-ketoglucose dimethylacetal NIST	DCNMIDLYWOTSGK-HSUXUTPPSA-N	2-ketoglucose dimethylacetal
13698	2-ketohexonic acid	VBUYCZFBVCCYFD-JJYYJPOSSA-N	2-ketohexonic acid
16482	2-ketoisocaproic acid minor	BKAJNAXTPSGJCU-UHFFFAOYSA-N	2-ketoisocaproic acid
15687	2-ketoisovaleric acid	QHKABHOOEWYVLI-UHFFFAOYSA-N	2-ketoisovaleric acid
7870	2-ketomethionine (2-oxo-4-methylthiobutanoic acid)	SXFSQZDSUWACKX-UHFFFAOYSA-N	2-ketomethionine (2-oxo-4-methylthiobutanoic acid)
1737	2-methylalanine	FUOOLUPWFVMBKG-UHFFFAOYSA-N	2-methylalanine
15734	2-methylglutaric acid	AQYCMVICBNBXNA-UHFFFAOYSA-N	2-methylglutaric acid
428	2-methylglyceric acid NIST	DGADNPLBVRLJGD-UHFFFAOYSA-N	2-methylglyceric acid
13129	2-monoolein	UPWGQKDVAURUGE-KTKRTIGZSA-N	2-monoolein
4704	2-monopalmitin	BBNYCLAREVXOSG-UHFFFAOYSA-N	2-monopalmitin
7372	2-monostearin NIST	YQEMORVAKMFKLG-UHFFFAOYSA-N	2-monostearin
6211	2-phosphoglyceric acid HMDB	GXIURPTVHJPJLF-UHFFFAOYSA-N	2-phosphoglyceric acid
10861	2-picolinic acid	SIOXPEMLGUPBBT-UHFFFAOYSA-N	2-picolinic acid
3623	2-piperidinobenzonitrile NIST	MEBVSLLKZSAIGK-UHFFFAOYSA-N	2-piperidinobenzonitrile
2317	2,3-bisphosphoglyceric acid	XOHUEYCVLUUEJJ-UHFFFAOYSA-N	2,3-bisphosphoglyceric acid
13219	2,3-diaminopropionic acid	PECYZEOJVXMISF-REOHCLBHSA-N	2,3-diaminopropionic acid
277	2,3-dihydro-8-methoxyfuro(2,3-b)quinoline NIST	BBQSWPCXIWMWGH-UHFFFAOYSA-N	2,3-dihydro-8-methoxyfuro(2,3-b)quinoline
13024	2,3-dihydroxybenzoic acid	GLDQAMYCGOIJDV-UHFFFAOYSA-N	2,3-dihydroxybenzoic acid
7284	2,3-dihydroxybutanoic acid NIST	LOUGYXZSURQALL-UHFFFAOYSA-N	2,3-dihydroxybutanoic acid
13353	2-deoxytetronic acid	DZAIOXUZHHTJKN-UHFFFAOYSA-N	2,3-dihydroxybutyrate
13804	2,3-dihydroxypyridine	GGOZGYRTNQBSSA-UHFFFAOYSA-N	2,3-dihydroxypyridine
7112	2,4-diaminobutyric acid minor1	OGNSCSPNOLGXSM-VKHMYHEASA-N	2,4-diaminobutyric acid
6901	2,4-dichloro-1-(2-chloroethenyl)-benzene NIST	XWEMGFGRWJFXST-ONEGZZNKSA-N	2,4-dichloro-1-(2-chloroethenyl)-benzene
5809	2,4-difluorotoluene MassBank no RI	MPXDAIBTYWGBSL-UHFFFAOYSA-N	2,4-difluorotoluene
148	2-deoxytetronic acid NIST	UFYGCFHQAXXBCF-UHFFFAOYSA-N	2,4-dihydroxybutyrate
6396	2,4-hexadienedioic acid  NIST	TXXHDPDFNKHHGW-CCAGOZQPSA-N	2,4-hexadienedioic acid
5435	2,4,6-tribromophenol	BSWWXRFVMJHFBN-UHFFFAOYSA-N	2,4,6-tribromophenol
15043	2,4,7-trihydroxypteridine	BCVUYVOMXUKYFC-UHFFFAOYSA-N	2,4,7-trihydroxypteridine
4384	2,5-dihydroxypyrazine NIST	USHRADXTTYICIJ-UHFFFAOYSA-N	2,5-dihydroxypyrazine
4646	2,6-diaminopimelic acid	GMKMEZVLHJARHF-UHFFFAOYSA-N	2,6-diaminopimelic acid
1450	2,6-dimethyl-3-ethylpyridine MassBank	VSLXJOHTVOZTNF-UHFFFAOYSA-N	2,6-dimethyl-3-ethylpyridine
9643	2,6-ditert.butylphenol nist	DKCPKDPYUFEZCP-UHFFFAOYSA-N	2,6-ditert.butylphenol
8191	2,8-dihydroxyquinoline	ZXZKYYHTWHJHFT-UHFFFAOYSA-N	2,8-dihydroxyquinoline
10836	2'-deoxyguanosine	YKBGVTZYEHREMT-KVQBGUIXSA-N	2'-deoxyguanosine
2972	3 hydroxy-3-methylglutaric acid	NPOAOTPXWNWTSH-UHFFFAOYSA-N	3 hydroxy-3-methylglutaric acid
9618	3-(1-pyrazolyl)-L-alanine	PIGOPELHGLPKLL-YFKPBYRVSA-N	3-(1-pyrazolyl)-L-alanine
9759	3-(3-hydroxyphenyl)-3-hydroxypropionic acid nist	KHTAGVZHYUZYMF-UHFFFAOYSA-N	3-(3-hydroxyphenyl)-3-hydroxypropionic acid
11368	3-(3-hydroxyphenyl)propionic acid	QVWAEZJXDYOKEH-UHFFFAOYSA-N	3-(3-hydroxyphenyl)propionic acid
11452	3-(4-hydroxyphenyl)propionic acid	NMHMNPHRMNGLLB-UHFFFAOYSA-N	3-(4-hydroxyphenyl)propionic acid
15272	3-Amino-2-piperidone HMDB	YCCMTCQQDULIFE-UHFFFAOYSA-N	3-Amino-2-piperidone
2031	3-aminoisobutyric acid 2TMS	QCHPKSFMDHPSNR-UHFFFAOYSA-N	3-aminoisobutyric acid
1001	3-Aminopiperidine-2,6-dione 2TMS	NPWMTBZSRRLQNJ-UHFFFAOYSA-N	3-aminopiperidine-2,6-dione
939	3-dehydroshikimic acid	SLWWJZMPHJJOPH-PHDIDXHHSA-N	3-dehydroshikimic acid
9554	3-deoxyhexitol NIST	RUIACMUVCHMOMF-UHFFFAOYSA-N	3-deoxyhexitol
14713	3-furoic acid	IHCCAYCGZOLTEU-UHFFFAOYSA-N	3-furoic acid
6056	3-hydroxy-3-(4'-hydroxy-3'-methoxyphenyl)propionic acid NIST	QCMUGKOFXVYNCF-UHFFFAOYSA-N	3-hydroxy-3-(4'-hydroxy-3'-methoxyphenyl)propionic acid
12578	3-hydroxyanthralinic acid	WJXSWCUQABXPFS-UHFFFAOYSA-N	3-hydroxyanthralinic acid
10914	3-hydroxybenzoic acid	IJFXRHURBJZNAO-UHFFFAOYSA-N	3-hydroxybenzoic acid
6182	3-hydroxybutyric acid	WHBMMWSBFZVSSR-UHFFFAOYSA-N	3-hydroxybutyric acid
4043	3-hydroxykynurenine MassBank	VCKPUUFAIGNJHC-UHFFFAOYSA-N	3-hydroxykynurenine
2010	3-hydroxynorvaline	LGVJIYCMHMKTPB-UHFFFAOYSA-N	3-hydroxynorvaline
7587	3-hydroxypalmitic acid	CBWALJHXHCJYTE-OAHLLOKOSA-N	3-hydroxypalmitic acid
6054	3-hydroxyphenylacetic acid	FVMDYYGIDFPZAX-UHFFFAOYSA-N	3-hydroxyphenylacetic acid
5102	3-hydroxypropionic acid	ALRHLSYJTWAHJZ-UHFFFAOYSA-N	3-hydroxypropionic acid
12063	3-hydroxypyridine	GRFNBEZIAWKNCO-UHFFFAOYSA-N	3-hydroxypyridine
3292	3-indoleacetonitrile	DMCPFOBLJMLSNX-UHFFFAOYSA-N	3-indoleacetonitrile
12198	3-methoxytyramine HMDB	DIVQKHQLANKJQO-UHFFFAOYSA-N	3-methoxytyramine
1378	3-phenyllactic acid	VOXXWSYKYCBWHO-UHFFFAOYSA-N	3-phenyllactic acid
7274	3-phosphoglycerate	OSJPPGNTCRNQQC-UHFFFAOYSA-N	3-phosphoglycerate
5782	3-ureidopropionate 2TMS	JSJWCHRYRHKBBW-UHFFFAOYSA-N	3-ureidopropionate
5580	3,4-dihydroxybenzoic acid	YQUVCSBJEUQKSH-UHFFFAOYSA-N	3,4-dihydroxybenzoic acid
1920	3,4-Dihydroxybenzylamine HMDB	YFMPSMITLLBENU-UHFFFAOYSA-N	3,4-dihydroxybenzylamine
16691	3,4-dihydroxycinnamic acid	QAIPRVGONGVQAS-DUXPYHPUSA-N	3,4-dihydroxycinnamic acid
16166	3,4-dihydroxyhydrocinnamic acid NIST	DZAUWHJDUNRCTF-UHFFFAOYSA-N	3,4-dihydroxyhydrocinnamic acid
8146	3,4-dihydroxyphenylacetic acid	CFFZDZCDUFSOFZ-UHFFFAOYSA-N	3,4-dihydroxyphenylacetic acid
8783	3,5-dihydroxyphenylglycine	HOOWCUZPEFNHDT-UHFFFAOYSA-N	3,5-dihydroxyphenylglycine
2753	3,6-anhydro-D-galactose	WZYRMLAWNVOIEX-BGPJRJDNSA-N	3,6-anhydro-d-galactose
16608	3,6-anhydro-D-glucose minor2	WZYRMLAWNVOIEX-SLPGGIOYSA-N	3,6-anhydro-D-glucose
2544	3,6-anhydro-d-hexose	SYSZGJKBOHEMPB-FIVCZYLNSA-N	3,6-anhydro-d-hexose
2818	3,6,9-trioxa-2,10-disilaundecane, 2,2,10,10-tetramethyl-	VZCNNAQIFXLAEZ-UHFFFAOYSA-N	3,6,9-trioxa-2,10-disilaundecane, 2,2,10,10-tetramethyl-
14733	3'-adenylic acid	LNQVTSROQXJCDD-KQYNXXCUSA-N	3'-adenylic acid
10286	4-(5-methyl-2-furanyl)-2-butanone NIST	CWKYCXPGVIFXOH-UHFFFAOYSA-N	4-(5-methyl-2-furanyl)-2-butanone
12179	4-aminobenzoic acid	ALYNCZNDIQEVRV-UHFFFAOYSA-N	4-aminobenzoic acid
5154	4-aminobutyric acid minor	BTCSSZJGUNDROE-UHFFFAOYSA-N	4-aminobutyric acid
2345	4-aminohippuric acid	HSMNQINEKMPTIC-UHFFFAOYSA-N	4-aminohippuric acid
14616	4-aminophenol 2TMS	PLIKAWJENQZMHA-UHFFFAOYSA-N	4-aminophenol
10426	4-hydroxy-6-methyl-2-pyrone	NSYSSMYQPLSPOD-UHFFFAOYSA-N	4-hydroxy-6-methyl-2-pyrone
8335	4-hydroxybenzoate	FJKROLUGYXJWQN-UHFFFAOYSA-N	4-hydroxybenzoate
8999	4-Hydroxybenzyl alcohol MassBank	BVJSUAQZOZWCKN-UHFFFAOYSA-N	4-Hydroxybenzyl alcohol
13555	4-hydroxybutyric acid	SJZRECIVHVDYJC-UHFFFAOYSA-N	4-hydroxybutyric acid
5298	4-hydroxycinnamic acid	NGSWKAQJJWESNS-ZZXKWVIFSA-N	4-hydroxycinnamic acid
10857	4-hydroxyhippuric acid NIST	ZMHLUFWWWPBTIU-UHFFFAOYSA-N	4-hydroxyhippuric acid
16052	4-hydroxyphenylacetic acid	XQXPVVBIMDBYFF-UHFFFAOYSA-N	4-hydroxyphenylacetic acid
7855	4-hydroxyphenylpyruvic acid	KKADPXVIOXHVKN-UHFFFAOYSA-N	4-hydroxyphenylpyruvic acid
1079	4-hydroxypyridine	GCNTZFIIOFTKIY-UHFFFAOYSA-N	4-hydroxypyridine
12695	4-methylbenzenesulfonamide	LMYRWZFENFIFIT-UHFFFAOYSA-N	4-methylbenzenesulfonamide
16424	4-methylcatechol	ZBCATMYQYDCTIZ-UHFFFAOYSA-N	4-methylcatechol
1925	4-pyridoxic acid	HXACOUQIXZGNBF-UHFFFAOYSA-N	4-pyridoxic acid
8455	4',5-dihydroxy-7-glucosyloxyflavanone degr1	DLIKSSGEMUFQOK-SFTVRKLSSA-N	4',5-dihydroxy-7-glucosyloxyflavanone
14682	5-aminovaleric acid	JJMDCOVWQOJGCB-UHFFFAOYSA-N	5-aminovaleric acid
15670	5-deoxyribose	WDRISBUVHBMJEF-MROZADKFSA-N	5-deoxyribose
15050	5-deoxyribulose 1-phosphate	AVEHMJVDRGMBHD-NQXXGFSBSA-L	5-deoxyribulose 1-phosphate
6982	5-hydroxy-3-indoleacetic acid	DUUGKQCEGZLZNO-UHFFFAOYSA-N	5-hydroxy-3-indoleacetic acid
2370	5-hydroxyanthranilic acid MassBank 3% RI error - check	HYNQTSZBTIOFKH-UHFFFAOYSA-N	5-hydroxyanthranilic acid
1465	5-Hydroxymethyl-2-furancarboxaldehyde HMDB	NOEGNKMFWQHSLB-UHFFFAOYSA-N	5-Hydroxymethyl-2-furancarboxaldehyde
14704	5-hydroxymethyl-2-furoic acid NIST	PCSKKIUURRTAEM-UHFFFAOYSA-N	5-hydroxymethyl-2-furoic acid
13656	5-hydroxynorvaline NIST	CZWARROQQFCFJB-UHFFFAOYSA-N	5-hydroxynorvaline
6964	5-hydroxytryptophan	LDCYZAJDBXYCGN-UHFFFAOYSA-N	5-hydroxytryptophan
10140	5-ketogluconate MassBank	IZSRJDGCGRAUAR-MROZADKFSA-N	5-ketogluconate
7223	5-methoxypsoralen	BGEBZHIAGXMEMV-UHFFFAOYSA-N	5-methoxypsoralen
12534	5-methoxytryptamine	JTEJPPKMYBDEMY-UHFFFAOYSA-N	5-methoxytryptamine
14615	5-methyluridine NIST	DWRXFEITVBNRMK-JXOAFFINSA-N	5-methyluridine
10538	5,6-dihydrouracil major	OIVLITBTBDPEFK-UHFFFAOYSA-N	5,6-dihydrouracil
13114	5,7-dihydroxy-4'-methoxyisoflavone	WUADCCWRTIWANL-UHFFFAOYSA-N	5,7-dihydroxy-4'-methoxyisoflavone
6578	5'-deoxy-5'-methylthioadenosine	WUUGFSXJNOTRMR-IOSLPCCCSA-N	5'-deoxy-5'-methylthioadenosine
10292	6-amino-1-methyluracil MassBank	GZLZRPNUDBIQBM-UHFFFAOYSA-N	6-amino-1-methyluracil
3903	6-chlorohexanol	JNTPTNNCGDAGEJ-UHFFFAOYSA-N	6-chlorohexanol
15913	6-deoxygalactofuranose NIST	AFNUZVCFKQUDBJ-ZZWDRFIYSA-N	6-deoxygalactofuranose
255	6-deoxyglucitol NIST	SKCKOFZKJLZSFA-JGWLITMVSA-N	6-deoxyglucitol
13774	6-deoxyglucose	PNNNRSAQSRJVSB-JGWLITMVSA-N	6-deoxyglucose
1557	6-deoxyhexitol NIST	SKCKOFZKJLZSFA-UHFFFAOYSA-N	6-deoxyhexitol
7522	6-hydroxynicotinic acid	BLHCMGRVFXRYRN-UHFFFAOYSA-N	6-hydroxynicotinic acid
14402	6-methylcholecalciferol	IPTVHOFZPYPBSY-DGOOAFQXSA-N	6-methylcholecalciferol
2939	6-Oxopiperidine-2-carboxylic acid HMDB	FZXCPFJMYOQZCA-UHFFFAOYSA-N	6-Oxopiperidine-2-carboxylic acid
6310	6(5h)-benzo[c]phenanthridinone, 11,12-dihydro- NIST	AMAXBIKMKZRFCE-UHFFFAOYSA-N	6(5h)-benzo[c]phenanthridinone, 11,12-dihydro-
10169	7-methylguanine NIST	FZWGECJQACGGTI-UHFFFAOYSA-N	7-methylguanine
9931	9-hydroxydec-2-enoic acid	DZBLNYYGAKHAOJ-UHFFFAOYSA-N	9-hydroxydec-2-enoic acid
4281	9-myristoleate	YWWVWXASSLXJHU-AATRIKPKSA-N	9-myristoleate
4218	9-oxo-2-decenoic acid	INJRDZMWIAYEMM-SOFGYWHQSA-N	9-oxo-2-decenoic acid
482	9,12-Hexadecadienoic acid	RVEKLXYYCHAMDF-AOSYACOCSA-N	9,12-Hexadecadienoic acid
8538	abietic acid 3	RSWGJHLUYNHPMX-ONCXSQPRSA-N	abietic acid
8066	acetaminophen 2TMS	RZVAJINKPMORJF-UHFFFAOYSA-N	acetaminophen
3020	acetaminophen glucuronide MassBank	IPROLSVTVHAQLE-BYNIDDHOSA-N	acetaminophen glucuronide
1689	acetoacetate	WDJHALXBUFZDSR-UHFFFAOYSA-N	acetoacetate
9916	acetophenone NIST	KWOLFJPFCHCOCG-UHFFFAOYSA-N	acetophenone
14576	aconitic acid	GTZCVFVGUGFEME-IWQZZHSRSA-N	aconitic acid
14426	adenine	GFFGJBXGBJISGV-UHFFFAOYSA-N	adenine
6305	adenosine	OIRDTQYFTABQOQ-KQYNXXCUSA-N	adenosine
3636	adenosine-5-monophosphate	UDMBCSSLTHHNCD-KQYNXXCUSA-N	adenosine-5-monophosphate
3204	adipic acid	WNLRTRBMVRJNCN-UHFFFAOYSA-N	adipic acid
6004	adipic acid, cyclopentylmethyl hexyl ester	GOSSJMUDZXUZOY-UHFFFAOYSA-N	adipic acid, cyclopentylmethyl hexyl ester
7882	adrenaline	UCTWMZQNUQWSLP-VIFPVBQESA-N	adrenaline
9231	agmatine	QYPPJABKJHAVHS-UHFFFAOYSA-N	agmatine
3257	alanine	QNAYBMKLOCPYGJ-REOHCLBHSA-N	alanine
3413	alanine-2,3,3,3-d4 internal standard	QNAYBMKLOCPYGJ-MYSWAXPFSA-N	alanine-2,3,3,3-d4
15172	alanine-alanine	DEFJQIDDEAULHB-IMJSIDKUSA-N	alanine-alanine
6575	alanine-d4	QNAYBMKLOCPYGJ-IALWIIEESA-N	alanine-d4
219	allantoic acid (dehydrated) 4TMS major	NUCLJNSWZCHRKL-UHFFFAOYSA-N	allantoic acid
4108	allantoin	POJWUDADGALRAB-UHFFFAOYSA-N	allantoin
14275	allothreonine	AYFVYJQAPQTCCC-HRFVKAFMSA-N	allothreonine
4525	alloxanoic acid 4tms NIST	BXTYRIKKNHXERN-UHFFFAOYSA-N	alloxanoic acid
1712	allylbenzene	HJWLCRVIBGQPNF-UHFFFAOYSA-N	allylbenzene
9815	alpha-aminoadipic acid	OYIFNHCXNCRBQI-BYPYZUCNSA-N	alpha-aminoadipic acid
8509	glucose non-meox	WQZGKKKJIJFFOK-DVKNGEFBSA-N	alpha-D-Glucose
4694	alpha-ketoglutarate	KPGXRSRHYNQIFN-UHFFFAOYSA-N	alpha-ketoglutarate
9334	aminomalonic acid	JINBYESILADKFW-UHFFFAOYSA-N	aminomalonic acid
972	anabasine 2	MTXSIJUGVMTTMU-UHFFFAOYSA-N	anabasine
11975	aniline	PAYRUJLWNCNPSJ-UHFFFAOYSA-N	aniline
5991	anthranilic acid	RWZYAGGXGHYGMB-UHFFFAOYSA-N	anthranilic acid
7399	arabinose	SRBFZHDQGSBBOR-ZRMNMSDTSA-N	arabinose
13911	arabitol	HEBKCHPVOIAQTA-QWWZWVQMSA-N	arabitol
4303	arachidic acid	VKOBVWXKNCXXDE-UHFFFAOYSA-N	arachidic acid
5449	arachidonic acid	YZXBAPSDXZZRGB-DOFZRALJSA-N	arachidonic acid
14762	arbutin	BJRNKVDFDLYUGJ-RMPHRYRLSA-N	arbutin
12907	ascorbic acid	CIWBSHSKHKDKBQ-JLAZNSOCSA-N	ascorbic acid
9714	asparagine	DCXYFEDJOCDNAF-REOHCLBHSA-N	asparagine
8576	aspartic acid	CKLJMWTZIZZHCS-REOHCLBHSA-N	aspartic acid
8724	atropine	RKUNBYITZUJHSG-PJPHBNEVSA-N	atropine
10392	azelaic acid	BDJRBEYXGGNYIS-UHFFFAOYSA-N	azelaic acid
7613	BDE-47	XYBSIYMGXVUVGY-UHFFFAOYSA-N	BDE-47
10962	behenic acid	UKMSUNONTOPOIO-UHFFFAOYSA-N	behenic acid
12988	Benzaldehyde-4-carboxylic acid MassBank no RI no meox 1TMS	GOUHYARYYWKXHS-UHFFFAOYSA-N	benzaldehyde-4-carboxylic acid
4150	benzamide	KXDAEFPNCMNJSK-UHFFFAOYSA-N	benzamide
3998	benzoic acid	WPYMKLBDIGXBTP-UHFFFAOYSA-N	benzoic acid
11725	benzothiazole MassBank	IOJUPLGTWVMSFF-UHFFFAOYSA-N	benzothiazole
7266	benzylalcohol	WVDDGKGOMKODPV-UHFFFAOYSA-N	benzylalcohol
6735	benzylamine	WGQKYBSKWIADBV-UHFFFAOYSA-N	benzylamine
3097	beta-alanine	UCMIRNVEIXFBKS-UHFFFAOYSA-N	beta-alanine
8712	beta-alanyl lysine HMDB	PLDCWKCPEXNWJH-ZETCQYMHSA-N	beta-alanyl lysine
15431	glucose	WQZGKKKJIJFFOK-VFUOTHLCSA-N	beta-D-glucose
14261	beta-gentiobiose minor	DLRVVLDZNNYCBX-LIZSDCNHSA-N	beta-gentiobiose
2783	beta-glutamic acid	BBJIPMIXTXKYLZ-UHFFFAOYSA-N	beta-glutamic acid
9801	beta-glycerolphosphate	DHCLVCXQIBBOPH-UHFFFAOYSA-N	beta-glycerolphosphate
570	beta-hydroxymyristic acid	ATRNZOYKSNPPBF-UHFFFAOYSA-N	beta-hydroxymyristic acid
16416	beta-mannosylglycerate	DDXCFDOPXBPUJC-SAYMMRJXSA-N	beta-mannosylglycerate
15510	beta-sitosterol	KZJWDPNRJALLNS-VJSFXXLFSA-N	beta-sitosterol
14173	bicine MassBank	FSVCELGFZIQNCK-UHFFFAOYSA-N	bicine
11234	biopterin MassBank	LHQIJBMDNUYRAM-AWFVSMACSA-N	biopterin
9399	biphenyl	ZUOUZKKEUPVFJK-UHFFFAOYSA-N	biphenyl
3272	bisphosphoglycerol NIST	IBPDKUYWDGDBQW-UHFFFAOYSA-N	bisphosphoglycerol
2304	biuret	OHJMTUPIZMNBFR-UHFFFAOYSA-N	biuret
3659	butane-2,3-diol NIST	OWBTYPJTUOEWEK-UHFFFAOYSA-N	butane-2,3-diol
490	butyl stearate	ULBTUVJTXULMLP-UHFFFAOYSA-N	butyl stearate
7281	butylamine	HQABUPZFAYXKJW-UHFFFAOYSA-N	butylamine
14637	butyraldehyde	ZTQSAGDEMFDKMZ-UHFFFAOYSA-N	butyraldehyde
16316	butyrolactam NIST	HNJBEVLQSNELDL-UHFFFAOYSA-N	butyrolactam
14882	cadaverine	VHRGRCVQAFMJIZ-UHFFFAOYSA-N	cadaverine
684	caffeine	RYYVLZVUVIJVGH-UHFFFAOYSA-N	caffeine
7165	campesterol HMDB	SGNBVLSWZMBQTH-PODYLUTMSA-N	campesterol
281	capric acid	GHVNFZFCNZKVNT-UHFFFAOYSA-N	capric acid
3313	caproic acid HMDB	FUZZWVXGSFPDMH-UHFFFAOYSA-N	caproic acid
14982	caprylic acid	WWZKQHOCKIZLMA-UHFFFAOYSA-N	caprylic acid
16486	catechin	PFTAWBLQPZVEMU-DZGCQCFKSA-N	catechin
13071	catechol	YCIMNLLNPGFGHC-UHFFFAOYSA-N	catechol
9075	cellobiose	GUBGYTABKSRVRQ-QUYVBRFLSA-N	cellobiose
9686	cerotinic acid	XMHIUKTWLZUKEX-UHFFFAOYSA-N	cerotinic acid
1861	chenodeoxycholic acid	RUDATBOHQWOJDD-BSWAIDMHSA-N	chenodeoxycholic acid
8356	chlorogenic acid	CWVRJTMFETXNAD-JUHZACGLSA-N	chlorogenic acid
6165	cholecalciferol RI diff	QYSXJUFSXHHAJI-YRZJJWOYSA-N	cholecalciferol
1706	cholesterol	HVYWMOMLDIMFJA-DPAQBDIFSA-N	cholesterol
8543	cholesterone minor2	NYOXRYYXRWJDKP-GYKMGIIDSA-N	cholesterone
2760	cholic acid	BHQCQFFYRZLCQQ-OELDTZBJSA-N	cholic acid
6164	ciliatine	QQVDJLLNRSOCEL-UHFFFAOYSA-N	ciliatine
14172	cinnamic acid	WBYWAXJHAXSJNI-VOTSOKGWSA-N	cinnamic acid
11992	cinnamoylglycine HMDB	YAADMLWHGMUGQL-VOTSOKGWSA-N	cinnamoylglycine
13473	cis-10-heptadecenoic acid 1	GDTXICBNEOEPAZ-FPLPWBNLSA-N	cis-10-heptadecenoic acid
15735	cis-8-heptadecenoic acid	ZBIGLIMGCLJKHN-KTKRTIGZSA-N	cis-8-heptadecenoic acid
14558	cis-caffeic acid	QAIPRVGONGVQAS-RQOWECAXSA-N	cis-caffeic acid
12060	cis-gondoic acid	BITHHVVYSMSWAG-KTKRTIGZSA-N	cis-gondoic acid
12542	cis-p-coumaric acid HMDB	NGSWKAQJJWESNS-UTCJRWHESA-N	cis-p-coumaric acid
4509	cis-sinapinic acid	PCMORTLOPMLEFB-ARJAWSKDSA-N	cis-sinapinic acid
16802	citramalic acid	XFTRTWQBIOMVPK-UHFFFAOYSA-N	citramalic acid
15757	citric acid	KRKNYBCHXYNGOX-UHFFFAOYSA-N	citric acid
16689	citrulline	RHGKLRLOHDJJDR-BYPYZUCNSA-N	citrulline
4438	conduritol-beta-epoxide 2	ZHMWOVGZCINIHW-SPHYCDKFSA-N	conduritol-beta-epoxide
2072	coniferin NIST	SFLMUHDGSQZDOW-FAOXUISGSA-N	coniferin
7720	coprostan-3-one	PESKGJQREUXSRR-JDIFZLMISA-N	coprostan-3-one
9420	creatine	CVSVTCORWBXHQV-UHFFFAOYSA-N	creatine
15783	creatinine	DDRJAANPRJIHGJ-UHFFFAOYSA-N	creatinine
6571	cryptochlorogenic acid HMDB	GYFFKZTYYAFCTR-AVXJPILUSA-N	cryptochlorogenic acid
5385	cyano-l-alanine	BXRLWGXPSRYJDZ-VKHMYHEASA-N	cyano-l-alanine
9130	cyclohexylamine	PAFZNILMFXTMIY-UHFFFAOYSA-N	cyclohexylamine
11151	cystathionine HMDB+MassBank	ILRYLPWNYFXEMH-UHFFFAOYSA-N	cystathionine
3987	cysteine	XUJNEKJLAYXESH-REOHCLBHSA-N	cysteine
7864	cysteine-glycine	ZUKPVRWZDMRIEO-VKHMYHEASA-N	cysteine-glycine
8626	cystine	LEVWYRKDKASIDU-UHFFFAOYSA-N	cystine
4428	cytidine TMS4	UHDGCWIWMRVCDJ-XVFCMESISA-N	cytidine
9164	cytidine-5-monophosphate	IERHLVCPSMICTF-XVFCMESISA-N	cytidine-5-monophosphate
9270	cytosine	OPTASPLRGRRNAP-UHFFFAOYSA-N	cytosine
14887	altrose	GZCGUPFRVQAUEE-ARQDHWQXSA-N	d-altrose
1588	D-erythro-sphingosine minor	WWUZIQQURGPMPG-KRWOKUGFSA-N	D-erythro-sphingosine
13255	d6 cholesterol	HVYWMOMLDIMFJA-BQPALTLPSA-N	d6 cholesterol
12668	d7-glucose	WQZGKKKJIJFFOK-KMTOWNPSSA-N	d7-glucose
14455	daidzein	ZQSIJRDFPHDXIC-UHFFFAOYSA-N	daidzein
7332	decane MassBank	DIOQZVSQGTUSAI-UHFFFAOYSA-N	decane
5306	decanol HMDB	MWKFXSUHUHTGQN-UHFFFAOYSA-N	decanol
11029	dehydroabietic acid 2	NFWKVWVWBFBAOV-MISYRCLQSA-N	dehydroabietic acid
7482	dehydroascorbic acid	SBJKKFFYIZUCET-JLAZNSOCSA-N	dehydroascorbic acid
4742	dehydrocholesterol 2	UCTLRSWJYQTBFZ-DDPQNLDTSA-N	dehydrocholesterol
8519	573	WJNGQIYEQLPJMN-IOSLPCCCSA-N	DELETE
4100	4716	FACUYWPMDKTVFU-BYPYZUCNSA-N	DELETE
15224	18241	OXQKEKGBFMQTML-RYRJNEICSA-N	DELETE
10749	18386	VYFYYTLLBUKUHU-UHFFFAOYSA-N	DELETE
7983	64527	NCIKQJBVUNUXLW-UHFFFAOYSA-N	DELETE
9533	85104	LVRFTAZAXQPQHI-UHFFFAOYSA-N	DELETE
5072	88049	MSWZFWKMSRAUBD-QZABAPFNSA-N	DELETE
13707	360155	JDTUMPKOJBQPKX-GBNDHIKLSA-N	DELETE
6366	acetoacetate MassBank	WDJHALXBUFZDSR-UHFFFAOYSA-M	DELETE
9486	cystathionine 4tms nist	ILRYLPWNYFXEMH-WHFBIAKZSA-N	DELETE
3574	erythronic acid lactone isomer	SGMJBNSHAZVGMC-PWNYCUMCSA-N	DELETE
15588	erythrose minor	YTBSYETUWUMLBZ-IUYQGCFVSA-N	DELETE
13756	glucose-6-phoaphate with some ion differences mz 129 mz105	NBSCHQHZLSJFNQ-GASJEMHNSA-N	DELETE
1625	homocystine major	ZTVZLYBCZNMWCF-WDSKDSINSA-N	DELETE
149	homovanillic acid + 4-hydroxymandelic acid	QRMZSPFSDQBLIX-UHFFFAOYSA-N	DELETE
6152	lactose RI diff 2100	GUBGYTABKSRVRQ-XLOQQCSPSA-N	DELETE
4142	myo-inositol deltaRI 2555	CDAISMWEOUEBRE-CDRYSYESSA-N	DELETE
11934	N-acetylmannosamine minor	HSNZZMHEPUFJNZ-QMTIVRBISA-N	DELETE
9578	phenylalanine minor	COLNVLDHVKWLRT-QMMMGPOBSA-N	DELETE
1769	phosphohexonic acid 44400 RI diff to Pgluconate	NFBQIWJDUKFHJP-ZRMNMSDTSA-N	DELETE
4393	sinigrin_MassBank	PHZOWSSBXJXFOR-PTGZALFTSA-N	DELETE
12184	succinate semialdehyde 1	UIUJIQZEACWQSV-UHFFFAOYSA-M	DELETE
11684	threonine minor	AYFVYJQAPQTCCC-UHFFFAOYSA-N	DELETE
5540	xylose	SRBFZHDQGSBBOR-IOVATXLUSA-N	DELETE
13191	zymostenol (to be checked)	QETLKNDKQOXZRP-XTGBIJOFSA-N	DELETE
2911	deoxycholic acid	KXGVEGMKQFWNSR-LLQZFEROSA-N	deoxycholic acid
16214	deoxyglucose	VRYALKFFQXWPIH-PBXRRBTRSA-N	deoxyglucose
10472	deoxypentitol	FJGNTEKSQVNVTJ-UHFFFAOYSA-N	deoxypentitol
14746	desyrel	OHHDIOKRWWOXMT-UHFFFAOYSA-N	desyrel
16358	diacetone alcohol NIST	SWXVUIWOUIDPGS-UHFFFAOYSA-N	diacetone alcohol
5615	dibutyl phthalate	DOIRQSBPFJWKBE-UHFFFAOYSA-N	dibutyl phthalate
9935	diclofenac	DCOPUUMXTXDBNB-UHFFFAOYSA-N	diclofenac
6680	diethanolamine HMDB	ZBCBWPMODOFKDW-UHFFFAOYSA-N	diethanolamine
14016	diethyl phthalate	FLKPEMZONWLCSK-UHFFFAOYSA-N	diethyl phthalate
14588	digalacturonic acid 2	IGSYEZFZPOZFNC-LKIWRGPLSA-N	digalacturonic acid
8314	digitoxose	JWFRNGYBHLBCMB-NGJCXOISSA-N	digitoxose
16481	diglycerol	GPLRAVKSCUXZTP-UHFFFAOYSA-N	diglycerol
13319	dihydrocholesterol	QYIXCDOBOSTCEI-FBVYSKEZSA-N	dihydrocholesterol
14944	dihydroxyacetone	RXKJFZQQPQGTFL-UHFFFAOYSA-N	dihydroxyacetone
12838	dihydroxyacetone phosphate HMDB RI diff 0.8%	GNGACRATGGDKBX-UHFFFAOYSA-N	dihydroxyacetone phosphate
13939	dihydroxymalonic acid NIST	VUCKYGJSXHHQOJ-UHFFFAOYSA-N	dihydroxymalonic acid
6249	dimethylglycine MassBank	FFDGPVCHZBVARC-UHFFFAOYSA-N	dimethylglycine
6706	dimethyluric acid	HMLZLHKHNBLLJD-UHFFFAOYSA-N	dimethyluric acid
2786	dithiothreitol	VHJLVAABSRFDPM-UHFFFAOYSA-N	dithiothreitol
15522	docosahexaenoic acid	MBMBGCFOFBJSGT-KUBAVDMBSA-N	docosahexaenoic acid
9493	docosenoic acid	ATNNLHXCRAAGJS-QZQOTICOSA-N	docosenoic acid
10906	dodecanoic acid, isopropanol ester NIST	UJPPXNXOEVDSRW-UHFFFAOYSA-N	dodecanoic acid, isopropanol ester
6749	dodecanol	LQZZUXJYWNFBMV-UHFFFAOYSA-N	dodecanol
5587	edta	KCXVZYZYPLLWCC-UHFFFAOYSA-N	edta
14628	eicosadienoic acid	XSXIVVZCUAHUJO-HZJYTTRNSA-N	eicosadienoic acid
10066	eicosanol	BTFJIXJJCSYFAL-UHFFFAOYSA-N	eicosanol
11181	eicosenoyl glycerol	HPTOSMWVVSKAGZ-DYYZXQNHSA-N	eicosenoyl glycerol
9948	elaidic acid	ZQPPMHVWECSIRJ-MDZDMXLPSA-N	elaidic acid
14048	enterolactone	HVDGDHBAMCBBLR-PBHICJAKSA-N	enterolactone
15194	epicatechin 3	PFTAWBLQPZVEMU-UKRRQHHQSA-N	epicatechin
15594	dihydrocholesterol	QYIXCDOBOSTCEI-QCYZZNICSA-N	epicholestanol
11799	epicholic acid (to be checked)	BHQCQFFYRZLCQQ-UXWVVXDJSA-N	epicholic acid
1523	epigallocatechin 1	XMOCLSLCDHWDHP-IUODEOHRSA-N	epigallocatechin
16409	epsilon-caprolactam	JBKVHLHDHHXQEQ-UHFFFAOYSA-N	epsilon-caprolactam
14512	ergosterol	DNVPQKQSNYMLRS-APGDWVJJSA-N	ergosterol
4098	erythritol	UNXHWFMMPAWVPI-ZXZARUISSA-N	erythritol
15127	erythronic acid	JPIJQSOTBSSVTP-PWNYCUMCSA-N	erythronic acid
3850	erythronic acid lactone	IKMKBKLESWIEFA-UHFFFAOYSA-N	erythronic acid lactone
13723	erythrose major	FMAORJIQYMIRHF-HERZVMAMSA-N	erythrose
960	ethanol phosphate NIST	ZJXZSIYSNXKHEA-UHFFFAOYSA-N	ethanol phosphate
11584	ethanolamine	HZAXFHJVJLSVMW-UHFFFAOYSA-N	ethanolamine
11383	ethylmalonic acid MassBank	UKFXDFUAPNAMPJ-UHFFFAOYSA-N	ethylmalonic acid
2214	ethylsuccinate NIST	LOLKAJARZKDJTD-UHFFFAOYSA-N	ethylsuccinate
12243	ferulic acid	KSEBMYQBYZTDHS-HWKANZROSA-N	ferulic acid
3327	flavin adenine degr.	IMGVNJNCCGXBHD-UYBVJOGSSA-O	flavin adenine
3662	formononetin	HKQYGTCOTHHOMP-UHFFFAOYSA-N	formononetin
1327	fructose 1	RFSUNEUAIZKAJO-ARQDHWQXSA-N	fructose
9943	fructose-1-phosphate	RHKKZBWRNHGJEZ-VRPWFDPXSA-N	fructose-1-phosphate
2978	fructose-1,6-bisphosphate 2	RNBGYGVWRKECFJ-ARQDHWQXSA-N	fructose-1,6-bisphosphate
16200	fructose-2,6-bisphosphate	YXWOAJXNVLXPMU-ZXXMMSQZSA-N	fructose-2,6-bisphosphate
12383	fructose-6-phosphate 1	BGWGXPAPYGQALX-ARQDHWQXSA-N	fructose-6-phosphate 1
15286	fucose 1	SHZGCJCMOBCMKK-FPRJBGLDSA-N	fucose
9633	fumaric acid	VZCYOOQTPOCHFL-OWOJBTEDSA-N	fumaric acid
12015	furoylglycine NIST	KSPQDMRTZZYQLM-UHFFFAOYSA-N	furoylglycine
8845	galactinol	VCWMRQDBPZKXKG-ZNVDUFQESA-N	galactinol
6314	galactitol	FBPFZTCFMRRESA-UNTFVMJOSA-N	galactitol
8895	galactonic acid	RGHNJXZEOKUKBD-MGCNEYSASA-N	galactonic acid
1584	galactosamine HMDB	MSWZFWKMSRAUBD-GASJEMHNSA-N	galactosamine
10511	galactose	WQZGKKKJIJFFOK-PHYPRBDBSA-N	galactose
1635	galactose-6-phosphate 2	NBSCHQHZLSJFNQ-SVZMEOIVSA-N	galactose-6-phosphate 2
6117	galacturonic acid 1	AEMOLEFTQBMNLQ-BKBMJHBISA-N	galacturonic acid iso-1
13734	galacturonic acid 2	AEMOLEFTQBMNLQ-DTEWXJGMSA-N	galacturonic acid iso-2
4755	gallic acid	LNTHITQWFMADLM-UHFFFAOYSA-N	gallic acid
11358	gallocatechin -to check	XMOCLSLCDHWDHP-SWLSCSKDSA-N	gallocatechin
1839	gamma-glutamyl-cysteine MassBank	RITKHVBHSGLULN-WHFBIAKZSA-N	gamma-glutamyl-cysteine
9870	genistein MassBank	TZBJGXHYKVUXJN-UHFFFAOYSA-N	genistein
14084	gentisic acid	WXTMDXOMEHJXQO-UHFFFAOYSA-N	gentisic acid
7151	glucoheptose	YPZMPEPLWKRVLD-PJEQPVAWSA-N	glucoheptose
9744	glucoheptulose	HSNZZMHEPUFJNZ-SHUUEZRQSA-N	glucoheptulose
7743	gluconic acid	RGHNJXZEOKUKBD-QTBDOELSSA-N	gluconic acid
6581	gluconic acid lactone	PHOQVHQSTUBQQK-SQOUGZDYSA-N	gluconic acid lactone
6373	glucosamine 1 MassBank	MSWZFWKMSRAUBD-IVMDWMLBSA-N	glucosamine
4429	glucosaminic acid	UFYKDFXCZBTLOO-TXICZTDVSA-N	glucosaminic acid
5234	glucose-1-phosphate	HXXFSFRBOHSIMQ-VFUOTHLCSA-N	glucose-1-phosphate
3293	glucose-6-phosphate major	NBSCHQHZLSJFNQ-UHFFFAOYSA-N	glucose-6-phosphate
16796	glucuronic acid	AEMOLEFTQBMNLQ-AQKNRBDQSA-N	glucuronic acid
3566	glutamic acid	WHUUTDBJXJRKMK-VKHMYHEASA-N	glutamic acid
3702	glutamine	ZDXPYRJPNDTMRX-VKHMYHEASA-N	glutamine
13194	glutamine dehydrated 2tms minor	ZDXPYRJPNDTMRX-UHFFFAOYSA-N	glutamine dehydrated
4342	glutamyl-valine	SITLTJHOQZFJGG-XPUUQOCRSA-N	glutamyl-valine
1298	glutaric acid	JFCQEDHGNNZCLN-UHFFFAOYSA-N	glutaric acid
6099	glutathione	RWSXRVCMGQZWBV-WDSKDSINSA-M	glutathione iso-1
15339	glutathione 2	RWSXRVCMGQZWBV-WDSKDSINSA-N	glutathione iso-2
9673	glyceraldehyde MassBank	MNQZXJOMYWMBOU-UHFFFAOYSA-N	glyceraldehyde
2952	glyceraldehyde-3-phosphate	LXJXRIRHZLFYRP-UHFFFAOYSA-N	glyceraldehyde-3-phosphate
560	glyceric acid	RBNPOMFGQQGHHO-UHFFFAOYSA-N	glyceric acid
13728	glycerol	PEDCQBHIVMGVHV-UHFFFAOYSA-N	glycerol
483	glycerol-3-galactoside 2	NHJUPBDCSOGIKX-NTXXKDEISA-N	glycerol-3-galactoside
7499	glycerol-alpha-phosphate	AWUCVROLDVIAJX-UHFFFAOYSA-N	glycerol-alpha-phosphate
11353	glycinamide HMDB	BEBCJVAWIBVWNZ-UHFFFAOYSA-N	glycinamide
16455	glycine	DHMQDGOQFOQNFH-UHFFFAOYSA-N	glycine
15241	glycocyamine	BPMFZUMJYQTVII-UHFFFAOYSA-N	glycocyamine
1232	glycolic acid	AEMRFAOFKBGASW-UHFFFAOYSA-N	glycolic acid
5258	glycyl proline	KZNQNBZMBZJQJO-YFKPBYRVSA-N	glycyl proline
9091	glycyl tyrosine	XBGGUPMXALFZOT-VIFPVBQESA-N	glycyl tyrosine
12654	glycyl-glycine HMDB 1	YMAWOPBAYDPSLA-UHFFFAOYSA-N	glycyl-glycine
15927	guanidine MassBank	ZRALSGWEFCBTJO-UHFFFAOYSA-N	guanidine
10151	guanidinosuccinate	VVHOUVWJCQOYGG-REOHCLBHSA-N	guanidinosuccinate
97	guanine	UYTPUPDQBNUYGX-UHFFFAOYSA-N	guanine
13449	guanosine	NYHBQMYGNKIUIF-UUOKFMHZSA-N	guanosine
12512	guanosine 2,3 cyclic phosphate HMDB	UASRYODFRYWBRC-UUOKFMHZSA-N	guanosine 2,3 cyclic phosphate
9781	guanosine-5-phosphate	RQFCJASXJCIDSX-UUOKFMHZSA-N	guanosine-5-phosphate
12955	gulonolactone	SXZYCXMUPBBULW-LECHCGJUSA-N	gulonolactone
11256	heptadecanoic acid	KEMQGTRYUADPNZ-UHFFFAOYSA-N	heptadecanoic acid
13041	heptanoic acid HMDB	MNWFXJYAOYHMED-UHFFFAOYSA-N	heptanoic acid
12913	hexadecane	DCAYPVUWAIABOU-UHFFFAOYSA-N	hexadecane
16084	hexadecenoyl glycerol	CXUXMSACCLYMBI-FPLPWBNLSA-N	hexadecenoyl glycerol
14717	hexadecylglycerol NIST	OOWQBDFWEXAXPB-UHFFFAOYSA-N	hexadecylglycerol
14151	hexanedioic acid, bis(2-ethylhexyl) ester NIST	SAOKZLXYCUGLFA-UHFFFAOYSA-N	hexanedioic acid, bis(2-ethylhexyl) ester
1527	hexaric acid 2	DSLZVSRJTYRBFB-UHFFFAOYSA-N	hexaric acid
7932	hexitol	FBPFZTCFMRRESA-UHFFFAOYSA-N	hexitol
13668	hexose	WQZGKKKJIJFFOK-UHFFFAOYSA-N	hexose
8367	hexuronic acid 2	IAJILQKETJEXLJ-UHFFFAOYSA-N	hexuronic acid
15891	hippuric acid	QIAFMBKCNZACKA-UHFFFAOYSA-N	hippuric acid
5050	histamine 3TMS	NTYJJOPFIAHURM-UHFFFAOYSA-N	histamine
10634	histidine	HNDVDQJCIGZPNO-YFKPBYRVSA-N	histidine
7157	homocysteine MassBank	FFFHZYDWPBMWHY-VKHMYHEASA-N	homocysteine
2307	homocystine	ZTVZLYBCZNMWCF-UHFFFAOYSA-N	homocystine
2287	homoglutamine	YZJSUQQZGCHHNQ-BYPYZUCNSA-N	homoglutamine
12777	homoserine	UKAUYVFTDYCKQA-VKHMYHEASA-N	homoserine
7468	Homovanillyl Alcohol	XHUBSJRBOQIZNI-UHFFFAOYSA-N	homovanillyl alcohol
3053	hydrocinnamic acid	XMIIGOLPHOKFCH-UHFFFAOYSA-N	hydrocinnamic acid
16408	hydrogen sulfide MassBank	RWSOTUBLDIXVET-UHFFFAOYSA-N	hydrogen sulfide
15874	hydroquinone	QIGBRXMKCJKVMJ-UHFFFAOYSA-N	hydroquinone
10714	hydroxycarbamate NIST	DRAJWRKLRBNJRQ-UHFFFAOYSA-N	hydroxycarbamate
10125	hydroxyindoleacetate isomer	DUUGKQCEGZLZNO-UHFFFAOYSA-M	hydroxyindoleacetate isomer
5055	hydroxylamine	AVXURJPOCDRRFD-UHFFFAOYSA-N	hydroxylamine
2755	hydroxyproline dipeptide NIST	HXWNRESJYUCPRA-UHFFFAOYSA-N	hydroxyproline dipeptide
14696	hypotaurine	VVIUBCNYACGLLV-UHFFFAOYSA-N	hypotaurine
3798	hypoxanthine	FDGQSTZJBFJUBT-UHFFFAOYSA-N	hypoxanthine
2274	ibuprofen	HEFNNWSXXWATRW-UHFFFAOYSA-N	ibuprofen
7616	ile-ile NIST	BCVIOZZGJNOEQS-XKNYDFJKSA-N	ile-ile
9803	imidazole lactate MassBank	ACZFBYCNAVEFLC-YFKPBYRVSA-N	imidazole lactate
2815	iminodiacetic acid HMDB	NBZBKCUXIYYUSX-UHFFFAOYSA-N	iminodiacetic acid
4051	indole-3-acetate	SEOVTRFCIGRIMH-UHFFFAOYSA-N	indole-3-acetate
12746	indole-3-lactate	XGILAAMKEQUXLS-UHFFFAOYSA-N	indole-3-lactate
3044	indole-3-propionic acid	GOLXRNDWAUTYKT-UHFFFAOYSA-N	indole-3-propionic acid
13304	indoxyl sulfate	BXFFHSIDQOFMLE-UHFFFAOYSA-N	indoxyl sulfate
7010	inosine	UGQMRVRMYYASKQ-KQYNXXCUSA-N	inosine
14456	inosine 5-monophosphate	GRSZFWQUAKGDAV-KQYNXXCUSA-N	inosine 5-monophosphate
3488	inositol-4-monophosphate	INAPMGSXUVUWAF-GFWFORPUSA-N	inositol-4-monophosphate
5214	inulotriose 2	AIHDCSAXVMAMJH-GFBKWZILSA-N	inulotriose
14773	isobiopterin MassBank	LNXRKRFGNHXANN-UHFFFAOYSA-N	isobiopterin
180	isobutene glycol NIST	BTVWZWFKMIUSGS-UHFFFAOYSA-N	isobutene glycol
9483	isobutylamine MassBank	KDSNLYIMUZNERS-UHFFFAOYSA-N	isobutylamine
5320	isocaproic acid HMDB	FGKJLKRYENPLQH-UHFFFAOYSA-N	isocaproic acid
6367	isochlorogenic acid 2	CWVRJTMFETXNAD-DUXPYHPUSA-N	isochlorogenic
15533	isochlorogenic acid	CWVRJTMFETXNAD-NXLLHMKUSA-N	isochlorogenic acid
9425	isocitric acid	ODBLHEXUDAPZAU-ZAFYKAAXSA-N	isocitric acid
127	isoferulic acid	QURCVMIEKCOAJU-HWKANZROSA-N	isoferulic acid
13846	isogluconic acid	RGHNJXZEOKUKBD-UHFFFAOYSA-N	isogluconic acid
9950	isoheptadecanoic acid NIST	IIUXHTGBZYEGHI-UHFFFAOYSA-N	isoheptadecanoic acid
3717	isoleucine	AGPKZVBTJJNPAG-WHFBIAKZSA-N	isoleucine
8778	isolinoleic acid NIST	ZMKDEQUXYDZSNN-UTJQPWESSA-N	isolinoleic acid
2844	isomaltose minor	DLRVVLDZNNYCBX-RTPHMHGBSA-N	isomaltose
15208	isomaltotriose 13100 RI diff to maltotriose	FBJQEBRMDXPWNX-FYHZSNTMSA-N	isomaltotriose
15466	isomyristic acid	YYVJAABUJYRQJO-UHFFFAOYSA-N	isomyristic acid
2817	isononanoic acid	XZOYHFBNQHPJRQ-UHFFFAOYSA-N	isononanoic acid
12395	isooctadecanol	WNWHHMBRJJOGFJ-UHFFFAOYSA-N	isooctadecanol
1926	isooctanol	BWDBEAQIHAEVLV-UHFFFAOYSA-N	isooctanol
14256	isopalmitic acid	ZONJATNKKGGVSU-UHFFFAOYSA-N	isopalmitic acid
8286	isopentadecanoic acid 2	ZOCYQVNGROEVLU-UHFFFAOYSA-N	isopentadecanoic acid
9347	isopropyl beta-D-thiogalactopyranoside RI 2800 error	BPHPUYQFMNQIOC-NXRLNHOXSA-N	isopropyl beta-D-thiogalactopyranoside
5153	isopropylbenzene 2	RWGFKTVRMDUZSP-UHFFFAOYSA-N	isopropylbenzene
4948	isorhamnose	SHZGCJCMOBCMKK-GASJEMHNSA-N	isorhamnose
1368	isoribose	SRBFZHDQGSBBOR-SOOFDHNKSA-N	isoribose
3222	isosalicin MassBank	VBSPBYNZPRRGSB-UJPOAAIJSA-N	isosalicin
11409	isothreonic acid 1	JPIJQSOTBSSVTP-GBXIJSLDSA-N	isothreonic acid
15408	isouracil	QIPKQEKUQASMNI-UHFFFAOYSA-N	isouracil
12684	isoxanthopterin	GLKCOBIIZKYKFN-UHFFFAOYSA-N	isoxanthopterin
7514	itaconic acid	LVHBHZANLOWSRM-UHFFFAOYSA-N	itaconic acid
154	kaempferol MassBank	IYRMWMYZSQPJKC-UHFFFAOYSA-N	kaempferol
16450	keto-hexonic acid	VBUYCZFBVCCYFD-UHFFFAOYSA-N	keto-hexonic acid
13893	ketohexose	BJHIKXHVCXFQLS-PUFIMZNGSA-N	ketohexose
7753	ketoisoleucine MassBank	JVQYSWDUAOAHFM-UHFFFAOYSA-N	ketoisoleucine
7311	kojic acid	BEJNERDRQOWKJM-UHFFFAOYSA-N	kojic acid
7581	kynurenic acid	HCZHHEIFKROPDY-UHFFFAOYSA-N	kynurenic acid
9358	kynurenine	YGPSJZOEDVAXAB-UHFFFAOYSA-N	kynurenine
3803	altrose	WQZGKKKJIJFFOK-VSOAQEOCSA-N	L-altrose
3695	l-DOPA	WTDRDQBEARUVNC-LURJTMIESA-N	l-DOPA
1675	lactamide	SXQFCVDSOLSHOQ-UHFFFAOYSA-N	lactamide
7776	lactic acid	JVTAAEKCZFNVCJ-UHFFFAOYSA-N	lactic acid
4566	lactitol	VQHSOMBJVWLPSR-JVCRWLNRSA-N	lactitol
11892	lactobionic acid	JYTUSYBCFIZPBE-AMTLMPIISA-N	lactobionic acid
5608	lactose no 361 ion	GUBGYTABKSRVRQ-DCSYEGIMSA-N	lactose
5530	lactulose 1	JCQLYHFGKNRPGE-FCVZTGTOSA-N	lactulose
4579	lanosterol	CAHGCLMLTWQZNJ-BQNIITSRSA-N	lanosterol
11601	lauric acid	POULHZVOKOAJMA-UHFFFAOYSA-N	lauric acid
15892	leucine	ROHFNLRQFUQHCH-YFKPBYRVSA-N	leucine
13044	leucrose	DXALOGXSFLZLLN-WTZPKTTFSA-N	leucrose
10489	levoglucosan	TWNIBLMWSKIRAT-VFUOTHLCSA-N	levoglucosan
6515	lignoceric acid	QZZGJDVWLFXDLK-UHFFFAOYSA-N	lignoceric acid
1860	limonene HMDB	XMGQYMWWDOXHJM-UHFFFAOYSA-N	limonene
8527	lindane	JLYXXMFPNIAWKQ-UHFFFAOYSA-N	lindane
12592	linoleic acid	OYHQOLUKZRVURQ-HZJYTTRNSA-N	linoleic acid
15578	linoleic acid methyl ester	WTTJVINHCBCLGX-NQLNTKRDSA-N	linoleic acid methyl ester
6036	linolenic acid	DTOSIQBPPRVQHS-PDBXOOCHSA-N	linolenic acid
13650	lipoic acid	AGBQKNBQESQNJD-UHFFFAOYSA-N	lipoic acid
15706	lithocholic acid	SMEROWZSTRWXGI-HVATVPOCSA-N	lithocholic acid
16743	loganin	AMBQHHVBBHTQBF-UOUCRYGSSA-N	loganin
5232	lysine	KDXKERNSBIXSRK-YFKPBYRVSA-N	lysine
8336	lysine 2TMS	KDXKERNSBIXSRK-UHFFFAOYSA-N	lysine
14350	lysopalmitoyl monogalactosylglycerol	DWKQIHQQZYILDB-CETRGASCSA-N	lysopalmitoyl monogalactosylglycerol
1030	lyxitol	HEBKCHPVOIAQTA-IMJSIDKUSA-N	lyxitol
14830	lyxose	SRBFZHDQGSBBOR-AGQMPKSLSA-N	lyxose
8111	m-cresol	RLSSMJSEOOYNOY-UHFFFAOYSA-N	m-cresol
1393	maleic acid	VZCYOOQTPOCHFL-UHFFFAOYSA-N	maleic acid
5398	maleimide	PEEHTFAAVSWFBL-UHFFFAOYSA-N	maleimide
16010	malic acid	BJEPYKJPYRNKOW-UHFFFAOYSA-N	malic acid
2368	malonamide	WRIRWRKPLXCTFD-UHFFFAOYSA-N	malonamide
5716	malonic acid	OFOBLEOULBTSOW-UHFFFAOYSA-N	malonic acid
5707	maltitol	VQHSOMBJVWLPSR-WUJBLJFYSA-N	maltitol
15451	maltose 1	GUBGYTABKSRVRQ-PICCSMPSSA-N	maltose iso-1
1398	maltose 2	GUBGYTABKSRVRQ-UHFFFAOYSA-N	maltose iso-2
6386	maltotriitol 2	XJCCHWKNFMUJFE-UHFFFAOYSA-N	maltotriitol iso-2
458	maltotriitol 3	XJCCHWKNFMUJFE-CGQAXDJHSA-N	maltotriitol iso-3
14423	maltotriose 1	FYGDTMLNYKFZSV-DZOUCCHMSA-N	maltotriose
8198	mandelic acid	IWYDHOAUDWTVEP-UHFFFAOYSA-N	mandelic acid
4788	mannitol	FBPFZTCFMRRESA-KVTDHHQDSA-N	mannitol
11466	mannonic acid NIST	RGHNJXZEOKUKBD-MBMOQRBOSA-N	mannonic acid
11058	mannose	WQZGKKKJIJFFOK-QTVWNMPRSA-N	mannose
9188	mannose-6-phosphate NIST	NBSCHQHZLSJFNQ-QTVWNMPRSA-N	mannose-6-phosphate
8914	melezitose	QWIZNVHXZXRPDR-WSCXOGSTSA-N	melezitose
5461	melibiose minor	DLRVVLDZNNYCBX-ABXHMFFYSA-N	melibiose minor
13938	menthol HMDB	NOOLISFMXDJSKH-UHFFFAOYSA-N	menthol
373	metanephrine NIST	JWJCTZKFYGDABJ-UHFFFAOYSA-N	metanephrine
12667	methanolphosphate	CAAULPUQFIIOTL-UHFFFAOYSA-N	methanolphosphate
1169	metharbital	FWJKNZONDWOGMI-UHFFFAOYSA-N	metharbital
11506	methionine	FFEARJCKVFRZRR-BYPYZUCNSA-N	methionine
5606	methionine sulfone MassBank	UCUNFLYVYCGDHP-BYPYZUCNSA-N	methionine sulfone
2970	methionine sulfoxide	QEFRNWWLZKMPFJ-YGVKFDHGSA-N	methionine sulfoxide iso-1
5583	methionine sulfoxide	QEFRNWWLZKMPFJ-ZXPFJRLXSA-N	methionine sulfoxide iso-2
5726	methyl O-D-galactopyranoside	HOVAGTYPODGVJG-VOQCIKJUSA-N	methyl O-D-galactopyranoside
5224	methyl oleate	QYDYPVFESGNLHU-KHPPLWFESA-N	methyl oleate
9272	methyl-UMP	KZSHODFDDQCIMT-ZOQUXTDFSA-N	methyl-UMP
13444	methylamine NIST	BAVYZALUXZFZLV-UHFFFAOYSA-N	methylamine
14537	methylhexose nist	QRAXLHLYZJCAKB-UHFFFAOYSA-N	methylhexose
6037	methylmaleic acid	HNEGQIOMVPPMNR-IHWYPQMZSA-N	methylmaleic acid
6654	methylmalonic acid	ZIYVHBGGAOATLY-UHFFFAOYSA-N	methylmalonic acid
12802	methylparaben	LXCFILQKKLGQFO-UHFFFAOYSA-N	methylparaben
13894	methylsuccinic acid MassBank	WXUAQHNMJWJLTG-UHFFFAOYSA-N	methylsuccinic acid
16015	methyltetrahydrophenanthrenone1 NIST	GONYVNMFEDYGMU-UHFFFAOYSA-N	methyltetrahydrophenanthrenone iso-1
15793	methyltetrahydrophenanthrenone3 NIST	AXXQAQVLCYQMQZ-UHFFFAOYSA-N	methyltetrahydrophenanthrenone iso-2
5737	methyltetrahydrophenanthrenone2 NIST	FSPGJSRKHCJARC-UHFFFAOYSA-N	methyltetrahydrophenanthrenone iso-3
15590	mevalonic acid	KJTLQQUUPVSXIM-ZCFIWIBFSA-N	mevalonic acid
3307	Mevalonolactone	JYVXNLLUYHCIIH-LURJTMIESA-N	mevalonolactone
6448	monoarachidin 2	UMEKPPOFCOUEDT-UHFFFAOYSA-N	monoarachidin
11981	monobehenin	OKMWKBLSFKFYGZ-UHFFFAOYSA-N	monobehenin
10371	monoheptadecanoyl glyceride 3	SVUQHVRAGMNPLW-UHFFFAOYSA-N	monoheptadecanoyl glyceride
6814	monolaurin	ARIWANIATODDMH-UHFFFAOYSA-N	monolaurin
2613	monolinolein	WECGLUPZRHILCT-HZJYTTRNSA-N	monolinolein
13731	monomyristin	DCBSHORRWZKAKO-UHFFFAOYSA-N	monomyristin
72	monononadecanoyl glyceride	WWTTXMMZHOBTAM-UHFFFAOYSA-N	monononadecanoyl glyceride
5790	monopalmitolein	KVYUBFKSKZWZSV-FPLPWBNLSA-N	monopalmitolein
4628	montanic acid	UTOPWMOLSKOLTQ-UHFFFAOYSA-N	montanic acid
13075	mucic acid	DSLZVSRJTYRBFB-DUHBMQHGSA-N	mucic acid
10496	myo-inositol	CDAISMWEOUEBRE-UHFFFAOYSA-N	myo-inositol
16566	myristic acid	TUNFSRHWOTWDNC-UHFFFAOYSA-N	myristic acid
6190	myristyl myristate NIST	DZKXJUASMGQEMA-UHFFFAOYSA-N	myristyl myristate
27	n-acetyl-5-hydroxytryptamine	MVAWJSIDNICKHF-UHFFFAOYSA-N	n-acetyl-5-hydroxytryptamine
16080	N-acetyl-D-galactosamine minor1	OVRNDRQMDRJTHS-JAJWTYFOSA-N	N-acetyl-D-galactosamine
7351	n-acetyl-d-hexosamine 2	OVRNDRQMDRJTHS-FMDGEEDCSA-N	n-acetyl-d-hexosamine
8406	N-acetyl-D-tryptophan minor2	DZTHIGRZJZPRDV-GFCCVEGCSA-N	N-acetyl-D-tryptophan
12047	N-acetylalanine Massbank	KTHDTJVBEPMMGL-VKHMYHEASA-N	N-acetylalanine
1760	N-acetylaspartate TMS3	OTCCIMWXFLJLIA-BYPYZUCNSA-N	N-acetylaspartate
4556	N-acetylaspartate diethylester MassBank	XQGDGRNHLJLQOV-QMMMGPOBSA-N	n-acetylaspartate diethylester
401	N-acetylglucosamine-6-phosphate 1 MassBank	BRGMHAYQAZFZDJ-RTRLPJTCSA-N	n-acetylglucosamine-6-phosphate
14745	N-acetylglutamate	RFMMMVDNIPUKGG-YFKPBYRVSA-N	N-acetylglutamate
10074	N-acetylglutamic acid	RFMMMVDNIPUKGG-UHFFFAOYSA-N	N-acetylglutamic acid
14868	N-acetylglycine NIST	OKJIRPAQVSHGFK-UHFFFAOYSA-N	N-acetylglycine
2470	N-acetylleucine	WXNXCEHXYPACJF-ZETCQYMHSA-N	n-acetylleucine
6130	N-acetylmannosamine	OVRNDRQMDRJTHS-ZTVVOAFPSA-N	N-acetylmannosamine iso-1
12944	N-acetylmannosamine	OVRNDRQMDRJTHS-OZRXBMAMSA-N	N-acetylmannosamine iso-2
15279	N-acetylmethionine MassBank	XUYPXLNMDZIRQH-LURJTMIESA-N	N-acetylmethionine
13424	N-acetylneuraminic acid MassBank	SQVRNKJHWKZAKO-LUWBGTNYSA-N	N-acetylneuraminic acid
10510	N-acetylornithine	JRLGPAXAGHMNOL-LURJTMIESA-N	N-acetylornithine
4200	N-acetylputrescine	KLZGKIDSEJWEDW-UHFFFAOYSA-N	n-acetylputrescine
11441	N-acetylserine HMDB	JJIHLJJYMXLCOY-BYPYZUCNSA-N	N-acetylserine
2181	N-carbamoylaspartate major	HLKXYZVTANABHZ-REOHCLBHSA-N	N-carbamoylaspartate
3164	N-carbamylglutamate	LCQLHJZYVOQKHU-VKHMYHEASA-N	n-carbamylglutamate
11200	N-cyclohexylsulfamic acid major TMS2	HCAJEUSONLESMK-UHFFFAOYSA-N	N-cyclohexylsulfamic acid major
11646	n-epsilon-trimethyllysine	MXNRLFUSFKVQSK-QMMMGPOBSA-O	n-epsilon-trimethyllysine
10817	N-formylglycine MassBank	UGJBHEZMOKVTIM-UHFFFAOYSA-N	N-formylglycine
12042	N-formylmethionine	PYUSHNKNPOHWEZ-YFKPBYRVSA-N	N-formylmethionine
4475	N-methylalanine	GDFAOVXKHJXLEI-VKHMYHEASA-N	n-methylalanine
15376	N-methylethanolamine	OPKOKAMJFNKNAS-UHFFFAOYSA-N	N-methylethanolamine
10946	N-methylglutamic acid minor1	XLBVNMSMFQMKEY-BYPYZUCNSA-N	N-methylglutamic acid
6352	N-phenylmorpholine MassBank no RI	FHQRDEDZJIFJAL-UHFFFAOYSA-N	N-phenylmorpholine
7233	N-Tris(hydroxymethyl)methyl-2-aminoethanesulfonic acid	JOCBASBOOFNAJA-UHFFFAOYSA-N	N-tris(hydroxymethyl)methyl-2-aminoethanesulfonic acid
5894	naproxen	CMWTZPSULFXXJA-VIFPVBQESA-N	naproxen
9339	neohesperidin	ARGKVCXINMKCAZ-BKCQJFQGSA-N	neohesperidin
16524	nervonic acid HMDB	GWHCXVQVJPWHRF-KTKRTIGZSA-N	nervonic acid
6990	nicotianamine	KRGPXXHMOXVMMM-CIUDSAMLSA-N	nicotianamine
1750	nicotinamide	DFPAKSUCGFBDDF-UHFFFAOYSA-N	nicotinamide
14479	nicotinic acid	PVNIIMVLHYAWGP-UHFFFAOYSA-N	nicotinic acid
14158	nonadecanoic acid 2	ISYWECDDZWTKFF-UHFFFAOYSA-N	nonadecanoic acid
2268	nonadecenoic acid 1	INKQLYSQWHBEGS-ISLYRVAYSA-N	nonadecenoic acid
3513	noradrenaline	SFLSHLFXELFNJZ-QMMMGPOBSA-N	noradrenaline
1296	norleucine	LRQKBLKVPFOOQJ-YFKPBYRVSA-N	norleucine
8251	nornicotine	MYKUKUCHPMASKF-UHFFFAOYSA-N	nornicotine
10040	norvaline	SNDPXSYFESPGGJ-BYPYZUCNSA-N	norvaline
14147	O-acetylserine	VZXPDPZARILFQX-BYPYZUCNSA-N	O-acetylserine
2849	o-cresol	QWVGKYWNOKOFNN-UHFFFAOYSA-N	o-cresol
4368	O-methylthreonine	FYCWLJLGIAUCCL-DMTCNVIQSA-N	o-methylthreonine
7609	O-phosphoserine TMS4x	BZQFBWGGLXLEPQ-REOHCLBHSA-N	o-phosphoserine
4778	O-succinylhomoserine	GNISQJGXJIDKDJ-YFKPBYRVSA-N	O-succinylhomoserine
15101	o-toluic acid	ZWLPBLYKEWSWPD-UHFFFAOYSA-N	o-toluic acid
15232	octadecanol	GLDOVTGHNKAZLK-UHFFFAOYSA-N	octadecanol
13452	octadecylglycerol	OGBUMNBNEWYMNJ-UHFFFAOYSA-N	octadecylglycerol
10588	octanol NIST	KBPLFHHGFOOTCA-UHFFFAOYSA-N	octanol
2016	octenoic acid	IWPOSDLLFZKGOW-WAYWQWQTSA-N	octenoic acid
16091	oleamide NIST	FATBGEAMYMYZAF-KTKRTIGZSA-N	oleamide
16432	oleic acid	ZQPPMHVWECSIRJ-KTKRTIGZSA-N	oleic acid
2899	ononitol	DSCFFEYYQKSRSV-UHFFFAOYSA-N	ononitol
1919	ophthalmic acid major	JCMUOFQHZLPHQP-BQBZGAKWSA-N	ophthalmic acid
8848	ornithine 3tms minor	AHLPHDHHMVZTML-BYPYZUCNSA-N	ornithine
13188	orotic acid	PXQPEWDEAKTCGB-UHFFFAOYSA-N	orotic acid
12977	oxalic acid	MUBZPKHOEPUJKR-UHFFFAOYSA-N	oxalic acid
14319	oxamic acid	SOWBFZRMHSNYGE-UHFFFAOYSA-N	oxamic acid
2148	oxoproline	ODHCTXKNWHHXJC-VKHMYHEASA-N	oxoproline
11809	p-cresol	IWDCLRJOBJJRNH-UHFFFAOYSA-N	p-cresol
5185	p-hydroxylphenyllactic acid	JVGVDSSUAVXRDY-UHFFFAOYSA-N	p-hydroxylphenyllactic acid
14494	p-tolyl glucuronide	JPAUCQAJHLSMQW-XPORZQOISA-N	p-tolyl glucuronide
15862	p,p-DDD	AHJKRLASYNVKDZ-UHFFFAOYSA-N	p,p-DDD
4202	p,p-DDE	UCNVFOCBFJOQAL-UHFFFAOYSA-N	p,p-DDE
9826	p,p-DDT	YVGGHNCTFXOJCH-UHFFFAOYSA-N	p,p-DDT
11967	palatinitol	SERLAGPUMNYUCK-DCUALPFSSA-N	palatinitol
12306	palmitic acid	IPCSVZSSVZVIGE-UHFFFAOYSA-N	palmitic acid
13423	palmitic acid butyl ester nist	GLYJVQDYLFAUFC-UHFFFAOYSA-N	palmitic acid butyl ester
8697	palmitoleic acid	SECPZKHBENQXJG-FPLPWBNLSA-N	palmitoleic acid
5780	panose MassBank	ZCLAHGAZPPEVDX-MQHGYYCBSA-N	panose
9842	pantothenic acid	GHOKWGTUZJEAQD-ZETCQYMHSA-N	pantothenic acid
16753	para-xanthine MassBank	QUNWUDVFRNGTCO-WFGJKAKNSA-N	para-xanthine
5076	parabanic acid NIST	ZFLIKDUSUDBGCD-UHFFFAOYSA-N	parabanic acid
4815	PCB-187	UDMZPLROONOSEF-UHFFFAOYSA-N	PCB-187
2438	pelargonic acid	FBUKVWPVBMHYJY-UHFFFAOYSA-N	pelargonic acid
116	penicillamine MassBank 3.2% RI error	VVNCNSJFMMFHPL-VKHMYHEASA-N	penicillamine
3918	pentadecane	YCOZIPAWZNQLMR-UHFFFAOYSA-N	pentadecane
11968	pentadecanoic acid	WQEPLUUGTLDZJY-UHFFFAOYSA-N	pentadecanoic acid
14719	pentadecanoyl glycerol	QSKPZDMBULYMDQ-KRWDZBQOSA-N	pentadecanoyl glycerol
11310	pentitol 2	HEBKCHPVOIAQTA-UHFFFAOYSA-N	pentitol 2
16477	pentobarbital NIST	WEXRUCMBJFQVBZ-UHFFFAOYSA-N	pentobarbital
14782	pentonic acid	QXKAIJAYHKCRRA-UHFFFAOYSA-N	pentonic acid
7435	pentono-1,4-lactone	YIXDEYPPAGPYDP-IUYQGCFVSA-N	pentono-1,4-lactone
14217	pentono-gamma-lactone	CUOKHACJLGPRHD-UHFFFAOYSA-N	pentono-gamma-lactone
9491	phenaceturic acid 2TMS	UTYVDVLMYQPLQB-UHFFFAOYSA-N	phenaceturic acid
7062	phenol	ISWSIDIOOBJBQZ-UHFFFAOYSA-N	phenol
3408	phenoxyacetic acid MassBank	LCPDWSOZIOUXRV-UHFFFAOYSA-N	phenoxyacetic acid
16312	phenylacetamide	LSBDFXRDZJMBSC-UHFFFAOYSA-N	phenylacetamide
10113	phenylacetic acid	WLJVXDMOQOGPHL-UHFFFAOYSA-N	phenylacetic acid
6260	phenylalanine	COLNVLDHVKWLRT-UHFFFAOYSA-N	phenylalanine
3318	phenylalanine-d8_minor	COLNVLDHVKWLRT-INHGFZCOSA-N	phenylalanine-d8
11840	phenylethanol NIST	WRMNZCZEMHIOCP-UHFFFAOYSA-N	phenylethanol
16281	phenylethylamine	BHHGXPLMPWCGHP-UHFFFAOYSA-N	phenylethylamine
14148	phenylpyruvate	BTNMPGBKDVTSJY-UHFFFAOYSA-N	phenylpyruvate
6599	phloroglucinol	QCDYQQDYXPDABM-UHFFFAOYSA-N	phloroglucinol
13675	phosphate	NBIIXXVUZAFLBC-UHFFFAOYSA-N	phosphate
5807	phosphoenolpyruvate	DTBNBXWJWCWCIK-UHFFFAOYSA-N	phosphoenolpyruvate
3831	phosphoethanolamine	SUHOOTKUPISOBE-UHFFFAOYSA-N	phosphoethanolamine
5866	phosphohexonic acid	BIRSGZKFKXLSJQ-SQOUGZDYSA-N	phosphohexonic acid
9748	phosphoinositol - CHECK	INAPMGSXUVUWAF-UHFFFAOYSA-L	phosphoinositol
11587	phthalic acid	XNGIFLGASWRNHJ-UHFFFAOYSA-N	phthalic acid
15059	phthalic acid mono-2-ethylhexylester	DJDSLBVSSOQSLW-UHFFFAOYSA-N	phthalic acid mono-2-ethylhexylester
6642	phytanic acid	RLCKHJSFHOZMDR-GUDVDZBRSA-N	phytanic acid
13757	phytosphingosine	AERBNCYCJBRYDG-KSZLIROESA-N	phytosphingosine
16130	piceatannol TMS3x	CDRPUGZCRXZLFL-OWOJBTEDSA-N	piceatannol
5781	pimelic acid	WLJVNTCWHIRURA-UHFFFAOYSA-N	pimelic acid
6213	pinitol	DSCFFEYYQKSRSV-FEPQRWDDSA-N	pinitol
13579	pipecolic acid	HXEACLLIILLPRG-YFKPBYRVSA-N	pipecolic acid
8225	pipecolinic acid	HXEACLLIILLPRG-RXMQYKEDSA-N	pipecolinic acid
10367	piperidone	XUWHAWMETYGRKB-UHFFFAOYSA-N	piperidone
999	pregnenolone HMDB	ORNBQBCIOKFOEO-QGVNFLHTSA-N	pregnenolone
8548	progesterone	RJKFOVLPORLFTN-LEKSSAKUSA-N	progesterone
14846	proline	ONIBWKKTOPOVIA-BYPYZUCNSA-N	proline
12879	propane-1,3-diol NIST	YPFDHNVEDLHUCE-UHFFFAOYSA-N	propane-1,3-diol
4851	propyl gallate NIST	ZTHYODDOHIVTJV-UHFFFAOYSA-N	propyl gallate
7729	propylamine MassBank	WGYKZJWCGVVSQN-UHFFFAOYSA-N	propylamine
6761	propyleneglycol MassBank	DNIAPMSPPWPWGF-UHFFFAOYSA-N	propyleneglycol
12431	propyleneglycol	DNIAPMSPPWPWGF-GSVOUGTGSA-N	propyleneglycol
13878	pseudo uridine	PTJWIQPHWPFNBW-GBNDHIKLSA-N	pseudo uridine
16276	psicose MassBank	BJHIKXHVCXFQLS-ZXEDONINSA-N	psicose
6764	putrescine	KIDHWZJUCRJVML-UHFFFAOYSA-N	putrescine
11215	pyridoxal HMDB	RADKZDMFGJYCBB-UHFFFAOYSA-N	pyridoxal
9760	pyridoxal-5-phosphate	NGVDGCNFYWLIFO-UHFFFAOYSA-N	pyridoxal-5-phosphate
9515	pyridoxamine	NHZMQXZHNVQTQA-UHFFFAOYSA-O	pyridoxamine
8565	pyridoxine	LXNHXLLTXMVWPM-UHFFFAOYSA-N	pyridoxine
4564	pyrogallol	WQGWDDDVZFFDIG-UHFFFAOYSA-N	pyrogallol
8283	pyrophosphate1	XPPKVPWEQAFLFU-UHFFFAOYSA-N	pyrophosphate
11874	pyrrole-2-carboxylic acid	WRHZVMBBRYBTKZ-UHFFFAOYSA-N	pyrrole-2-carboxylic acid
7642	pyruvic acid	LCTONWCANYUPML-UHFFFAOYSA-N	pyruvic acid
6604	quinic acid	AAWZDTNXLSGCEK-LNVDRNJUSA-N	quinic acid
14294	quinolinic acid	GJAWHXHKYYXBSV-UHFFFAOYSA-N	quinolinic acid
5835	raffinose	MUPFEKGTMRGPLJ-ZQSKZDJDSA-N	raffinose
7906	resorcinol with mz 263 and other contaminant ions	GHMLBKRAJCXXBS-UHFFFAOYSA-N	resorcinol
16076	resveratrol	LUKBXSAWLPMMSZ-OWOJBTEDSA-N	resveratrol
9030	ribitol	HEBKCHPVOIAQTA-ZXFHETKHSA-N	ribitol
10178	ribonic acid RI 599680	QXKAIJAYHKCRRA-BXXZVTAOSA-N	ribonic acid
16651	ribose	HMFHBZSHGGEWLO-UHFFFAOYSA-N	ribose
13021	ribose-5-phosphate	KTVPXOYAKDPRHY-UHFFFAOYSA-N	ribose-5-phosphate
13857	ribulose MassBank	ZAQJHHRNXZUBTE-NQXXGFSBSA-N	ribulose
13954	ribulose-5-phosphate	FNZLKVNUWIIPSJ-UHNVWZDZSA-N	ribulose-5-phosphate
5504	ricinoleic acid NIST	WBHHMMIMDMUBKC-QJWNTBNXSA-N	ricinoleic acid
1764	rosmarinic acid HMDB	DOUMFZQKYFQNTF-WUTVXBCWSA-N	rosmarinic acid
11660	saccharic acid	DSLZVSRJTYRBFB-LLEIAEIESA-N	saccharic acid
5314	saccharopine minor1	ZDGJAHTZVHVLOT-YUMQZZPRSA-N	saccharopine
375	salicin	NGFMICBWJRZIBI-UJPOAAIJSA-N	salicin
2524	salicyl alcohol	CQRYARSYNCAZFO-UHFFFAOYSA-N	salicyl alcohol
2371	salicylaldehyde	SMQUZDBALVYZAC-UHFFFAOYSA-N	salicylaldehyde
9999	salicylic acid	YGSDEFSMJLZEOE-UHFFFAOYSA-N	salicylic acid
12555	sarcosine	FSYKKLYZXJSNPZ-UHFFFAOYSA-N	sarcosine
6643	scopolamine HMDB	STECJAGHUSJQJN-USLFZFAMSA-N	scopolamine
7279	scopoletin	RODXRVNMMDRFIK-UHFFFAOYSA-N	scopoletin
16456	sebacic acid	CXMXRPHRNRROMY-UHFFFAOYSA-N	sebacic acid
16575	secoisolariciresinol	PUETUDUXMCLALY-HOTGVXAUSA-N	secoisolariciresinol
11108	serine	MTCFGRXMJLQNBG-REOHCLBHSA-N	serine
10517	serine-d3_minor	MTCFGRXMJLQNBG-FUDHJZNOSA-N	serine-d3
9069	serotonin	QZAYGJVTTNCVMB-UHFFFAOYSA-N	serotonin
15454	shikimic acid	JXOHGGNKMLTUBP-HSUXUTPPSA-N	shikimic acid
9006	sinapinic acid	PCMORTLOPMLEFB-ONEGZZNKSA-N	sinapinic acid
102	sinigrin MassBank	QKFAFSGJTMHRRY-OCFLFPRFSA-M	sinigrin iso-1
10060	sinigrin 2 MassBank	QKFAFSGJTMHRRY-AVHZNCSWSA-M	sinigrin iso-2
2318	sinigrin 3 MassBank	QKFAFSGJTMHRRY-ICSBZGNSSA-M	sinigrin iso-3
6531	sophorose minor	HIWPGCMGAMJNRG-BTLHAWITSA-N	sophorose
13967	sorbitol	FBPFZTCFMRRESA-JGWLITMVSA-N	sorbitol
11161	sorbitol-d8	FBPFZTCFMRRESA-IUAGDLHUSA-N	sorbitol-d8
11304	sorbose-6-phosphate	GSXOAOHZAIYLCY-SRQIZXRXSA-N	sorbose-6-phosphate
14599	spermidine	ATHGHQPFGPMSJY-UHFFFAOYSA-N	spermidine
7966	spermine2	PFNFFQXMRSDOHW-UHFFFAOYSA-N	spermine
8806	squalene	YYGNTYWPHWGJRM-AAJYLUCBSA-N	squalene
738	stearic acid	QIQXTHQIDYTFRH-UHFFFAOYSA-N	stearic acid
13413	stigmasterol	HCXVJBMSMIARIN-PHZDYDNGSA-N	stigmasterol
7146	styrene MassBank	PPBRXRYQALVLMV-UHFFFAOYSA-N	styrene
6413	suberic acid MassBank	TYFQFVWCELRYAO-UHFFFAOYSA-N	suberic acid
16217	succinate semialdehyde 2	UIUJIQZEACWQSV-UHFFFAOYSA-N	succinate semialdehyde
5700	succinic acid	KDYFGRWQOYBRFD-UHFFFAOYSA-N	succinic acid
10698	sucrose	CZMRCDWAGMRECN-UGDNZRGBSA-N	sucrose
9624	sucrose-6-phosphate	WQQSIXKPRAUZJL-UGDNZRGBSA-N	sucrose-6-phosphate
8219	sulfuric acid	QAOWNCQODCNURD-UHFFFAOYSA-N	sulfuric acid
14864	sulfurol	BKAWJIRCKVUVED-UHFFFAOYSA-N	sulfurol
406	synephrine	YRCWQPVGYLYSOX-UHFFFAOYSA-N	synephrine
1308	syringic acid	JMSVCTWVEWCHDZ-UHFFFAOYSA-N	syringic acid
2162	tagatose 2	LKDRXBCSQODPBY-OEXCPVAWSA-N	tagatose
10613	tartaric acid	FEWJPZIEWOKRBE-JCYAYHJZSA-N	tartaric acid
16479	taurine	XOAAWQZATWQOTB-UHFFFAOYSA-N	taurine
15896	terephthalic acid	KKEYFWRCBNTPAC-UHFFFAOYSA-N	terephthalic acid
13109	tetracosane	POOSGDOYLQNASK-UHFFFAOYSA-N	tetracosane
688	tetracosanol	TYWMIZZBOVGFOV-UHFFFAOYSA-N	tetracosanol
3766	threitol	UNXHWFMMPAWVPI-QWWZWVQMSA-N	threitol
12924	threonic acid	JPIJQSOTBSSVTP-STHAYSLISA-N	threonic acid
12739	threonine	AYFVYJQAPQTCCC-GBXIJSLDSA-N	threonine
1835	threonine-d5_minor	AYFVYJQAPQTCCC-WKHZCAFQSA-N	threonine-d5
16485	threose	FMAORJIQYMIRHF-BCDHYOAOSA-N	threose
7403	thymidine	IQFYYKKMVGJFEH-XLPZGREQSA-N	thymidine
9046	thymidine-5-phosphate	GYOZYWVXFNDGLU-XLPZGREQSA-N	thymidine-5-phosphate
2127	thymidine-diphosphate	UJLXYODCHAELLY-XLPZGREQSA-N	thymidine-diphosphate
9671	thymine	RWQNBRDOKXIBIV-UHFFFAOYSA-N	thymine
4483	tocopherol acetate	ZAKOWWREFLAJOT-CEFNRUSXSA-N	tocopherol acetate
11712	tocopherol alpha-	GVJHHUAWPYXKBD-UHFFFAOYSA-N	tocopherol alpha-
1191	tocopherol beta NIST	WGVKWNUPNGFDFJ-CBIUGAAKSA-N	tocopherol beta
9982	tocopherol delta- NIST	GZIFEOYASATJEH-VHFRWLAGSA-N	tocopherol delta
16568	tocopherol gamma-	QUEDXNHFTDJVIY-DQCZWYHMSA-N	tocopherol gamma-
1042	tranexamic acid NIST	GYDJEQRTZSCIOI-UHFFFAOYSA-N	tranexamic acid
9808	trans-4-hydroxyproline	PMMYEEVYMWASQN-DMTCNVIQSA-N	trans-4-hydroxyproline
10039	trans-aconitic acid	GTZCVFVGUGFEME-HNQUOIGGSA-N	trans-aconitic acid
7770	trans-phytol	BOTWFXYSPFMFNR-PYDDKJGSSA-N	trans-phytol
5357	trehalose	HDTRYLNUVZCQOY-LIZSDCNHSA-N	trehalose
3203	trehalose-6-phosphate	LABSPYBHMPDTEL-LIZSDCNHSA-N	trehalose-6-phosphate
16271	TRI S	LENZDBCJOHFCAS-UHFFFAOYSA-N	TRI S
11857	triacontanol	REZQBEBOWJAQKS-UHFFFAOYSA-N	triacontanol
8865	tributylphosphate	STCOOQWBFONSKY-UHFFFAOYSA-N	tributylphosphate
14017	tridecanoic acid	SZHOJFHSIKHZHA-UHFFFAOYSA-N	tridecanoic acid
7353	triethanolamine	GSEJCLTVZPLZKY-UHFFFAOYSA-N	triethanolamine
15081	tris(ethylenglycol) NIST	ZIBGPFATKBEMQZ-UHFFFAOYSA-N	tris(ethylenglycol)
16551	trisaccharide	FYGDTMLNYKFZSV-UHFFFAOYSA-N	trisaccharide
1385	tryptamine MassBank	APJYDQYYACXCRM-UHFFFAOYSA-N	tryptamine
16377	tryptophan 3TMS	QIVBCDIJIAJPQS-VIFPVBQESA-N	tryptophan
1526	tryptophol	MBBOMCVGYCRMEA-UHFFFAOYSA-N	tryptophol
3046	turanose	RULSWEULPANCDV-PIXUTMIVSA-N	turanose
1905	tyramine	DZGWFCGJZKJUFP-UHFFFAOYSA-N	tyramine
1059	tyrosine	OUYCCCASQSFEME-QMMMGPOBSA-N	tyrosine
13620	UDP-glucuronic acid	HDYANYHVCAPMJV-LXQIFKJMSA-N	UDP-glucuronic acid
6028	UDP-N-acetylglucosamine 1	LFTYTUAZOPRMMI-CFRASDGPSA-N	UDP-N-acetylglucosamine
9522	undecanedioic acid MassBank	LWBHHRRTOZQPDM-UHFFFAOYSA-N	undecanedioic acid
12125	undecanoic acid	ZDPHROOEEOARMN-UHFFFAOYSA-N	undecanoic acid
16266	uracil	ISAKRJDGNUQOIC-UHFFFAOYSA-N	uracil
13704	urea 3TMS	XSQUKJJJFZCRTK-UHFFFAOYSA-N	urea
15992	uric acid	LEHOTFFKMJEONL-UHFFFAOYSA-N	uric acid
16182	uridine minor	DRTQHJPVMGBUCF-XVFCMESISA-N	uridine
14806	uridine-5-monophosphate	DJJCXFVJDGTHFX-XVFCMESISA-N	uridine-5-monophosphate
6696	urocanic acid	LOIYMIARKYCTBW-OWOJBTEDSA-N	urocanic acid
5834	valine	KZSNJWFQEVHDMF-BYPYZUCNSA-N	valine
14623	valine-d8	KZSNJWFQEVHDMF-AYWPRJOCSA-N	valine-d8
15152	vanillic acid	WKOLLVMJNQIZCI-UHFFFAOYSA-N	vanillic acid
3706	vanillylmandelic acid	CGQCWMIAEPEHNQ-UHFFFAOYSA-N	vanillylmandelic acid
8395	x-methyladenosine	VQAYFKKCNSOZKM-IOSLPCCCSA-N	x-methyladenosine
4427	xanthine	LRFVTYWOQMYALW-UHFFFAOYSA-N	xanthine
3146	xanthosine	UBORTCNDUKBEOP-UUOKFMHZSA-N	xanthosine
12190	xanthurenic acid	FBZONXHGGPHHIY-UHFFFAOYSA-N	xanthurenic acid
4156	xylitol	HEBKCHPVOIAQTA-NGQZWQHPSA-N	xylitol
5844	xylonic acid	QXKAIJAYHKCRRA-FLRLBIABSA-N	xylonic acid
6847	xylonolactone NIST	XXBSUZSONOQQGK-FLRLBIABSA-N	xylonolactone
14026	xylose 2	SRBFZHDQGSBBOR-UHFFFAOYSA-N	xylose
12334	xylulose NIST	LQXVFWRQNMEDEE-PYHARJCCSA-N	xylulose
2621	zymosterol major	CGSJXLIKVBJVRY-XTGBIJOFSA-N	zymosterol
